"RIC"	"TimeUtc"	"Flags"	"VolumeAccumulated"	"TradingStatus"	"LatestTradePrice"	"LatestTradeSize"	"BestAskPrice"	"BestAskSize"	"BestBidPrice"	"BestBidSize"	"BidOrderBook"	"AskOrderBook"
"TST.J"	"06/12/2018 05:00:02"	"11111111"	"0"	"Closed"	"0"	"0"	"1025"	"989050"	"850"	"2400"	""	""
"TST.J"	"06/12/2018 06:29:59"	"01000000"	"0"	"Auction"	"0"	"0"	"1025"	"989050"	"850"	"2400"	"Level: 1 Price: 850 Quantity: 2400| Level: 2 Price: 750 Quantity: 26013| Level: 3 Price: 105 Quantity: 15013"	"Level: 1 Price: 1025 Quantity: 989050| Level: 2 Price: 1040 Quantity: 19919| Level: 3 Price: 1050 Quantity: 6013"
"TST.J"	"06/12/2018 06:59:47"	"00001100"	"0"	"Auction"	"0"	"0"	"885"	"1"	"850"	"2400"	"Level: 1 Price: 850 Quantity: 2400| Level: 2 Price: 750 Quantity: 26013| Level: 3 Price: 105 Quantity: 15013"	"Level: 1 Price: 1025 Quantity: 989050| Level: 2 Price: 1040 Quantity: 19919| Level: 3 Price: 1050 Quantity: 6013"
"TST.J"	"06/12/2018 06:59:59"	"01000000"	"0"	"Continuous"	"0"	"0"	"885"	"1"	"850"	"2400"	"Level: 1 Price: 850 Quantity: 2400| Level: 2 Price: 750 Quantity: 26013| Level: 3 Price: 105 Quantity: 15013"	"Level: 1 Price: 885 Quantity: 1| Level: 2 Price: 1025 Quantity: 989050| Level: 3 Price: 1040 Quantity: 19919| Level: 4 Price: 1050 Quantity: 6013"
"TST.J"	"06/12/2018 06:59:59"	"00001000"	"0"	"Continuous"	"0"	"0"	"885"	"5353"	"850"	"2400"	"Level: 1 Price: 850 Quantity: 2400| Level: 2 Price: 750 Quantity: 26013| Level: 3 Price: 105 Quantity: 15013"	"Level: 1 Price: 885 Quantity: 1| Level: 2 Price: 1025 Quantity: 989050| Level: 3 Price: 1040 Quantity: 19919| Level: 4 Price: 1050 Quantity: 6013"
"TST.J"	"06/12/2018 06:59:59"	"10000011"	"1"	"Continuous"	"885"	"1"	"885"	"5353"	"850"	"2400"	"Level: 1 Price: 850 Quantity: 2400| Level: 2 Price: 750 Quantity: 26013| Level: 3 Price: 105 Quantity: 15013"	"Level: 1 Price: 885 Quantity: 5353| Level: 2 Price: 1025 Quantity: 989050| Level: 3 Price: 1040 Quantity: 19919| Level: 4 Price: 1050 Quantity: 6013"
"TST.J"	"06/12/2018 06:59:59"	"00001000"	"1"	"Continuous"	"885"	"1"	"885"	"5352"	"850"	"2400"	"Level: 1 Price: 850 Quantity: 2400| Level: 2 Price: 750 Quantity: 26013| Level: 3 Price: 105 Quantity: 15013"	"Level: 1 Price: 885 Quantity: 5353| Level: 2 Price: 1025 Quantity: 989050| Level: 3 Price: 1040 Quantity: 19919| Level: 4 Price: 1050 Quantity: 6013"
"TST.J"	"06/12/2018 06:59:59"	"10000010"	"5353"	"Continuous"	"885"	"5352"	"885"	"5352"	"850"	"2400"	"Level: 1 Price: 850 Quantity: 2400| Level: 2 Price: 750 Quantity: 26013| Level: 3 Price: 105 Quantity: 15013"	"Level: 1 Price: 885 Quantity: 5352| Level: 2 Price: 1025 Quantity: 989050| Level: 3 Price: 1040 Quantity: 19919| Level: 4 Price: 1050 Quantity: 6013"
"TST.J"	"06/12/2018 06:59:59"	"00001100"	"5353"	"Continuous"	"885"	"5352"	"1025"	"989050"	"850"	"2400"	"Level: 1 Price: 850 Quantity: 2400| Level: 2 Price: 750 Quantity: 26013| Level: 3 Price: 105 Quantity: 15013"	"Level: 1 Price: 885 Quantity: 5352| Level: 2 Price: 1025 Quantity: 989050| Level: 3 Price: 1040 Quantity: 19919| Level: 4 Price: 1050 Quantity: 6013"
"TST.J"	"06/12/2018 07:00:12"	"00001100"	"5353"	"Continuous"	"885"	"5352"	"885"	"1"	"850"	"2400"	"Level: 1 Price: 850 Quantity: 2400| Level: 2 Price: 750 Quantity: 26013| Level: 3 Price: 105 Quantity: 15013"	"Level: 1 Price: 1025 Quantity: 989050| Level: 2 Price: 1040 Quantity: 19919| Level: 3 Price: 1050 Quantity: 6013"
"TST.J"	"06/12/2018 07:00:59"	"00100000"	"5353"	"Continuous"	"885"	"5352"	"885"	"1"	"850"	"4400"	"Level: 1 Price: 850 Quantity: 2400| Level: 2 Price: 750 Quantity: 26013| Level: 3 Price: 105 Quantity: 15013"	"Level: 1 Price: 885 Quantity: 1| Level: 2 Price: 1025 Quantity: 989050| Level: 3 Price: 1040 Quantity: 19919| Level: 4 Price: 1050 Quantity: 6013"
"TST.J"	"06/12/2018 07:02:26"	"00110000"	"5353"	"Continuous"	"885"	"5352"	"885"	"1"	"884"	"75013"	"Level: 1 Price: 850 Quantity: 4400| Level: 2 Price: 750 Quantity: 26013| Level: 3 Price: 105 Quantity: 15013"	"Level: 1 Price: 885 Quantity: 1| Level: 2 Price: 1025 Quantity: 989050| Level: 3 Price: 1040 Quantity: 19919| Level: 4 Price: 1050 Quantity: 6013"
"TST.J"	"06/12/2018 07:02:27"	"00100000"	"5353"	"Continuous"	"885"	"5352"	"885"	"1"	"884"	"77013"	"Level: 1 Price: 884 Quantity: 75013| Level: 2 Price: 850 Quantity: 4400| Level: 3 Price: 750 Quantity: 26013| Level: 4 Price: 105 Quantity: 15013"	"Level: 1 Price: 885 Quantity: 1| Level: 2 Price: 1025 Quantity: 989050| Level: 3 Price: 1040 Quantity: 19919| Level: 4 Price: 1050 Quantity: 6013"
"TST.J"	"06/12/2018 07:02:40"	"00001100"	"5353"	"Continuous"	"885"	"5352"	"1025"	"989050"	"884"	"77013"	"Level: 1 Price: 884 Quantity: 77013| Level: 2 Price: 850 Quantity: 2400| Level: 3 Price: 750 Quantity: 26013| Level: 4 Price: 105 Quantity: 15013"	"Level: 1 Price: 885 Quantity: 1| Level: 2 Price: 1025 Quantity: 989050| Level: 3 Price: 1040 Quantity: 19919| Level: 4 Price: 1050 Quantity: 6013"
"TST.J"	"06/12/2018 07:02:40"	"00001000"	"5353"	"Continuous"	"885"	"5352"	"1025"	"991050"	"884"	"77013"	"Level: 1 Price: 884 Quantity: 77013| Level: 2 Price: 850 Quantity: 2400| Level: 3 Price: 750 Quantity: 26013| Level: 4 Price: 105 Quantity: 15013"	"Level: 1 Price: 1025 Quantity: 989050| Level: 2 Price: 1040 Quantity: 19919| Level: 3 Price: 1050 Quantity: 6013"
"TST.J"	"06/12/2018 07:02:43"	"00110000"	"5353"	"Continuous"	"885"	"5352"	"1025"	"991050"	"885"	"2500"	"Level: 1 Price: 884 Quantity: 77013| Level: 2 Price: 850 Quantity: 2400| Level: 3 Price: 750 Quantity: 26013| Level: 4 Price: 105 Quantity: 15013"	"Level: 1 Price: 1025 Quantity: 991050| Level: 2 Price: 1040 Quantity: 19919| Level: 3 Price: 1050 Quantity: 6013"
"TST.J"	"06/12/2018 07:02:44"	"00100000"	"5353"	"Continuous"	"885"	"5352"	"1025"	"991050"	"885"	"4500"	"Level: 1 Price: 885 Quantity: 2500| Level: 2 Price: 884 Quantity: 77013| Level: 3 Price: 850 Quantity: 2400| Level: 4 Price: 750 Quantity: 26013| Level: 5 Price: 105 Quantity: 15013"	"Level: 1 Price: 1025 Quantity: 991050| Level: 2 Price: 1040 Quantity: 19919| Level: 3 Price: 1050 Quantity: 6013"
"TST.J"	"06/12/2018 07:03:25"	"00001100"	"5353"	"Continuous"	"885"	"5352"	"890"	"1"	"885"	"4500"	"Level: 1 Price: 885 Quantity: 4500| Level: 2 Price: 884 Quantity: 75013| Level: 3 Price: 850 Quantity: 2400| Level: 4 Price: 750 Quantity: 26013| Level: 5 Price: 105 Quantity: 15013"	"Level: 1 Price: 1025 Quantity: 991050| Level: 2 Price: 1040 Quantity: 19919| Level: 3 Price: 1050 Quantity: 6013"
"TST.J"	"06/12/2018 07:03:44"	"00110000"	"5353"	"Continuous"	"885"	"5352"	"890"	"1"	"889"	"75013"	"Level: 1 Price: 885 Quantity: 4500| Level: 2 Price: 884 Quantity: 75013| Level: 3 Price: 850 Quantity: 2400| Level: 4 Price: 750 Quantity: 26013| Level: 5 Price: 105 Quantity: 15013"	"Level: 1 Price: 890 Quantity: 1| Level: 2 Price: 1025 Quantity: 991050| Level: 3 Price: 1040 Quantity: 19919| Level: 4 Price: 1050 Quantity: 6013"
"TST.J"	"06/12/2018 07:03:44"	"00100000"	"5353"	"Continuous"	"885"	"5352"	"890"	"1"	"889"	"77013"	"Level: 1 Price: 889 Quantity: 75013| Level: 2 Price: 885 Quantity: 4500| Level: 3 Price: 850 Quantity: 2400| Level: 4 Price: 750 Quantity: 26013| Level: 5 Price: 105 Quantity: 15013"	"Level: 1 Price: 890 Quantity: 1| Level: 2 Price: 1025 Quantity: 991050| Level: 3 Price: 1040 Quantity: 19919| Level: 4 Price: 1050 Quantity: 6013"
"TST.J"	"06/12/2018 07:06:01"	"10000011"	"5354"	"Continuous"	"890"	"1"	"890"	"1"	"889"	"77013"	"Level: 1 Price: 889 Quantity: 77013| Level: 2 Price: 850 Quantity: 2400| Level: 3 Price: 750 Quantity: 26013| Level: 4 Price: 105 Quantity: 15013"	"Level: 1 Price: 890 Quantity: 1| Level: 2 Price: 1025 Quantity: 991050| Level: 3 Price: 1040 Quantity: 19919| Level: 4 Price: 1050 Quantity: 6013"
"TST.J"	"06/12/2018 07:06:01"	"00001100"	"5354"	"Continuous"	"890"	"1"	"1025"	"991050"	"889"	"77013"	"Level: 1 Price: 889 Quantity: 77013| Level: 2 Price: 850 Quantity: 2400| Level: 3 Price: 750 Quantity: 26013| Level: 4 Price: 105 Quantity: 15013"	"Level: 1 Price: 890 Quantity: 1| Level: 2 Price: 1025 Quantity: 991050| Level: 3 Price: 1040 Quantity: 19919| Level: 4 Price: 1050 Quantity: 6013"
"TST.J"	"06/12/2018 07:06:59"	"00110000"	"5354"	"Continuous"	"890"	"1"	"1025"	"991050"	"890"	"6115"	"Level: 1 Price: 889 Quantity: 77013| Level: 2 Price: 850 Quantity: 2400| Level: 3 Price: 750 Quantity: 26013| Level: 4 Price: 105 Quantity: 15013"	"Level: 1 Price: 1025 Quantity: 991050| Level: 2 Price: 1040 Quantity: 19919| Level: 3 Price: 1050 Quantity: 6013"
"TST.J"	"06/12/2018 07:06:59"	"00100000"	"5354"	"Continuous"	"890"	"1"	"1025"	"991050"	"890"	"8115"	"Level: 1 Price: 890 Quantity: 6115| Level: 2 Price: 889 Quantity: 77013| Level: 3 Price: 850 Quantity: 2400| Level: 4 Price: 750 Quantity: 26013| Level: 5 Price: 105 Quantity: 15013"	"Level: 1 Price: 1025 Quantity: 991050| Level: 2 Price: 1040 Quantity: 19919| Level: 3 Price: 1050 Quantity: 6013"
"TST.J"	"06/12/2018 07:07:14"	"00100000"	"5354"	"Continuous"	"890"	"1"	"1025"	"991050"	"890"	"33115"	"Level: 1 Price: 890 Quantity: 8115| Level: 2 Price: 889 Quantity: 75013| Level: 3 Price: 850 Quantity: 2400| Level: 4 Price: 750 Quantity: 26013| Level: 5 Price: 105 Quantity: 15013"	"Level: 1 Price: 1025 Quantity: 991050| Level: 2 Price: 1040 Quantity: 19919| Level: 3 Price: 1050 Quantity: 6013"
"TST.J"	"06/12/2018 07:10:15"	"00110000"	"5354"	"Continuous"	"890"	"1"	"1025"	"991050"	"891"	"75013"	"Level: 1 Price: 890 Quantity: 33115| Level: 2 Price: 889 Quantity: 75013| Level: 3 Price: 850 Quantity: 2400| Level: 4 Price: 750 Quantity: 26013| Level: 5 Price: 105 Quantity: 15013"	"Level: 1 Price: 1025 Quantity: 991050| Level: 2 Price: 1040 Quantity: 19919| Level: 3 Price: 1050 Quantity: 6013"
"TST.J"	"06/12/2018 07:10:15"	"00100000"	"5354"	"Continuous"	"890"	"1"	"1025"	"991050"	"891"	"77013"	"Level: 1 Price: 891 Quantity: 75013| Level: 2 Price: 890 Quantity: 33115| Level: 3 Price: 850 Quantity: 2400| Level: 4 Price: 750 Quantity: 26013| Level: 5 Price: 105 Quantity: 15013"	"Level: 1 Price: 1025 Quantity: 991050| Level: 2 Price: 1040 Quantity: 19919| Level: 3 Price: 1050 Quantity: 6013"
"TST.J"	"06/12/2018 07:10:54"	"10000011"	"9354"	"Continuous"	"891"	"4000"	"1025"	"991050"	"891"	"77013"	"Level: 1 Price: 891 Quantity: 77013| Level: 2 Price: 890 Quantity: 31115| Level: 3 Price: 850 Quantity: 2400| Level: 4 Price: 750 Quantity: 26013| Level: 5 Price: 105 Quantity: 15013"	"Level: 1 Price: 1025 Quantity: 991050| Level: 2 Price: 1040 Quantity: 19919| Level: 3 Price: 1050 Quantity: 6013"
"TST.J"	"06/12/2018 07:10:54"	"00100000"	"9354"	"Continuous"	"891"	"4000"	"1025"	"991050"	"891"	"73013"	"Level: 1 Price: 891 Quantity: 77013| Level: 2 Price: 890 Quantity: 31115| Level: 3 Price: 850 Quantity: 2400| Level: 4 Price: 750 Quantity: 26013| Level: 5 Price: 105 Quantity: 15013"	"Level: 1 Price: 1025 Quantity: 991050| Level: 2 Price: 1040 Quantity: 19919| Level: 3 Price: 1050 Quantity: 6013"
"TST.J"	"06/12/2018 07:11:05"	"00110000"	"9354"	"Continuous"	"891"	"4000"	"1025"	"991050"	"892"	"6115"	"Level: 1 Price: 891 Quantity: 73013| Level: 2 Price: 890 Quantity: 31115| Level: 3 Price: 850 Quantity: 2400| Level: 4 Price: 750 Quantity: 26013| Level: 5 Price: 105 Quantity: 15013"	"Level: 1 Price: 1025 Quantity: 991050| Level: 2 Price: 1040 Quantity: 19919| Level: 3 Price: 1050 Quantity: 6013"
"TST.J"	"06/12/2018 07:11:05"	"00100000"	"9354"	"Continuous"	"891"	"4000"	"1025"	"991050"	"892"	"8115"	"Level: 1 Price: 892 Quantity: 6115| Level: 2 Price: 891 Quantity: 73013| Level: 3 Price: 890 Quantity: 25013| Level: 4 Price: 850 Quantity: 2400| Level: 5 Price: 750 Quantity: 26013"	"Level: 1 Price: 1025 Quantity: 991050| Level: 2 Price: 1040 Quantity: 19919| Level: 3 Price: 1050 Quantity: 6013"
"TST.J"	"06/12/2018 07:11:22"	"00110000"	"9354"	"Continuous"	"891"	"4000"	"1025"	"991050"	"893"	"71013"	"Level: 1 Price: 892 Quantity: 8115| Level: 2 Price: 891 Quantity: 71013| Level: 3 Price: 890 Quantity: 25013| Level: 4 Price: 850 Quantity: 2400| Level: 5 Price: 750 Quantity: 26013"	"Level: 1 Price: 1025 Quantity: 991050| Level: 2 Price: 1040 Quantity: 19919| Level: 3 Price: 1050 Quantity: 6013"
"TST.J"	"06/12/2018 07:11:22"	"00100000"	"9354"	"Continuous"	"891"	"4000"	"1025"	"991050"	"893"	"73013"	"Level: 1 Price: 893 Quantity: 71013| Level: 2 Price: 892 Quantity: 8115| Level: 3 Price: 890 Quantity: 25013| Level: 4 Price: 850 Quantity: 2400| Level: 5 Price: 750 Quantity: 26013"	"Level: 1 Price: 1025 Quantity: 991050| Level: 2 Price: 1040 Quantity: 19919| Level: 3 Price: 1050 Quantity: 6013"
"TST.J"	"06/12/2018 07:12:09"	"00110000"	"9354"	"Continuous"	"891"	"4000"	"1025"	"991050"	"894"	"6115"	"Level: 1 Price: 893 Quantity: 73013| Level: 2 Price: 890 Quantity: 25013| Level: 3 Price: 850 Quantity: 2400| Level: 4 Price: 750 Quantity: 26013| Level: 5 Price: 105 Quantity: 15013"	"Level: 1 Price: 1025 Quantity: 991050| Level: 2 Price: 1040 Quantity: 19919| Level: 3 Price: 1050 Quantity: 6013"
"TST.J"	"06/12/2018 07:12:09"	"00100000"	"9354"	"Continuous"	"891"	"4000"	"1025"	"991050"	"894"	"8115"	"Level: 1 Price: 894 Quantity: 6115| Level: 2 Price: 893 Quantity: 73013| Level: 3 Price: 890 Quantity: 25013| Level: 4 Price: 850 Quantity: 2400| Level: 5 Price: 750 Quantity: 26013"	"Level: 1 Price: 1025 Quantity: 991050| Level: 2 Price: 1040 Quantity: 19919| Level: 3 Price: 1050 Quantity: 6013"
"TST.J"	"06/12/2018 07:14:25"	"00001100"	"9354"	"Continuous"	"891"	"4000"	"920"	"1"	"894"	"8115"	"Level: 1 Price: 894 Quantity: 8115| Level: 2 Price: 893 Quantity: 71013| Level: 3 Price: 890 Quantity: 25013| Level: 4 Price: 850 Quantity: 2400| Level: 5 Price: 750 Quantity: 26013"	"Level: 1 Price: 1025 Quantity: 991050| Level: 2 Price: 1040 Quantity: 19919| Level: 3 Price: 1050 Quantity: 6013"
"TST.J"	"06/12/2018 07:14:31"	"00001100"	"9354"	"Continuous"	"891"	"4000"	"1025"	"991050"	"894"	"8115"	"Level: 1 Price: 894 Quantity: 8115| Level: 2 Price: 893 Quantity: 71013| Level: 3 Price: 890 Quantity: 25013| Level: 4 Price: 850 Quantity: 2400| Level: 5 Price: 750 Quantity: 26013"	"Level: 1 Price: 920 Quantity: 1| Level: 2 Price: 1025 Quantity: 991050| Level: 3 Price: 1040 Quantity: 19919| Level: 4 Price: 1050 Quantity: 6013"
"TST.J"	"06/12/2018 07:15:19"	"00100000"	"9354"	"Continuous"	"891"	"4000"	"1025"	"991050"	"894"	"33115"	"Level: 1 Price: 894 Quantity: 8115| Level: 2 Price: 893 Quantity: 96013| Level: 3 Price: 850 Quantity: 2400| Level: 4 Price: 750 Quantity: 26013| Level: 5 Price: 105 Quantity: 15013"	"Level: 1 Price: 1025 Quantity: 991050| Level: 2 Price: 1040 Quantity: 19919| Level: 3 Price: 1050 Quantity: 6013"
"TST.J"	"06/12/2018 07:15:19"	"00110000"	"9354"	"Continuous"	"891"	"4000"	"1025"	"991050"	"895"	"25013"	"Level: 1 Price: 894 Quantity: 33115| Level: 2 Price: 893 Quantity: 71013| Level: 3 Price: 850 Quantity: 2400| Level: 4 Price: 750 Quantity: 26013| Level: 5 Price: 105 Quantity: 15013"	"Level: 1 Price: 1025 Quantity: 991050| Level: 2 Price: 1040 Quantity: 19919| Level: 3 Price: 1050 Quantity: 6013"
"TST.J"	"06/12/2018 07:15:19"	"00100000"	"9354"	"Continuous"	"891"	"4000"	"1025"	"991050"	"895"	"27013"	"Level: 1 Price: 895 Quantity: 25013| Level: 2 Price: 894 Quantity: 8115| Level: 3 Price: 893 Quantity: 71013| Level: 4 Price: 850 Quantity: 2400| Level: 5 Price: 750 Quantity: 26013"	"Level: 1 Price: 1025 Quantity: 991050| Level: 2 Price: 1040 Quantity: 19919| Level: 3 Price: 1050 Quantity: 6013"
"TST.J"	"06/12/2018 07:15:22"	"00110000"	"9354"	"Continuous"	"891"	"4000"	"1025"	"991050"	"896"	"6115"	"Level: 1 Price: 895 Quantity: 27013| Level: 2 Price: 893 Quantity: 71013| Level: 3 Price: 850 Quantity: 2400| Level: 4 Price: 750 Quantity: 26013| Level: 5 Price: 105 Quantity: 15013"	"Level: 1 Price: 1025 Quantity: 991050| Level: 2 Price: 1040 Quantity: 19919| Level: 3 Price: 1050 Quantity: 6013"
"TST.J"	"06/12/2018 07:15:22"	"00100000"	"9354"	"Continuous"	"891"	"4000"	"1025"	"991050"	"896"	"8115"	"Level: 1 Price: 896 Quantity: 6115| Level: 2 Price: 895 Quantity: 27013| Level: 3 Price: 893 Quantity: 71013| Level: 4 Price: 850 Quantity: 2400| Level: 5 Price: 750 Quantity: 26013"	"Level: 1 Price: 1025 Quantity: 991050| Level: 2 Price: 1040 Quantity: 19919| Level: 3 Price: 1050 Quantity: 6013"
"TST.J"	"06/12/2018 07:15:25"	"00100000"	"9354"	"Continuous"	"891"	"4000"	"1025"	"991050"	"896"	"33115"	"Level: 1 Price: 896 Quantity: 8115| Level: 2 Price: 895 Quantity: 25013| Level: 3 Price: 893 Quantity: 71013| Level: 4 Price: 850 Quantity: 2400| Level: 5 Price: 750 Quantity: 26013"	"Level: 1 Price: 1025 Quantity: 991050| Level: 2 Price: 1040 Quantity: 19919| Level: 3 Price: 1050 Quantity: 6013"
"TST.J"	"06/12/2018 07:15:26"	"00110000"	"9354"	"Continuous"	"891"	"4000"	"1025"	"991050"	"897"	"25013"	"Level: 1 Price: 896 Quantity: 33115| Level: 2 Price: 893 Quantity: 71013| Level: 3 Price: 850 Quantity: 2400| Level: 4 Price: 750 Quantity: 26013| Level: 5 Price: 105 Quantity: 15013"	"Level: 1 Price: 1025 Quantity: 991050| Level: 2 Price: 1040 Quantity: 19919| Level: 3 Price: 1050 Quantity: 6013"
"TST.J"	"06/12/2018 07:15:26"	"00100000"	"9354"	"Continuous"	"891"	"4000"	"1025"	"991050"	"897"	"27013"	"Level: 1 Price: 897 Quantity: 25013| Level: 2 Price: 896 Quantity: 8115| Level: 3 Price: 893 Quantity: 71013| Level: 4 Price: 850 Quantity: 2400| Level: 5 Price: 750 Quantity: 26013"	"Level: 1 Price: 1025 Quantity: 991050| Level: 2 Price: 1040 Quantity: 19919| Level: 3 Price: 1050 Quantity: 6013"
"TST.J"	"06/12/2018 07:16:19"	"00110000"	"9354"	"Continuous"	"891"	"4000"	"1025"	"991050"	"898"	"6115"	"Level: 1 Price: 897 Quantity: 27013| Level: 2 Price: 893 Quantity: 71013| Level: 3 Price: 850 Quantity: 2400| Level: 4 Price: 750 Quantity: 26013| Level: 5 Price: 105 Quantity: 15013"	"Level: 1 Price: 1025 Quantity: 991050| Level: 2 Price: 1040 Quantity: 19919| Level: 3 Price: 1050 Quantity: 6013"
"TST.J"	"06/12/2018 07:16:19"	"00100000"	"9354"	"Continuous"	"891"	"4000"	"1025"	"991050"	"898"	"8115"	"Level: 1 Price: 898 Quantity: 6115| Level: 2 Price: 897 Quantity: 27013| Level: 3 Price: 893 Quantity: 71013| Level: 4 Price: 850 Quantity: 2400| Level: 5 Price: 750 Quantity: 26013"	"Level: 1 Price: 1025 Quantity: 991050| Level: 2 Price: 1040 Quantity: 19919| Level: 3 Price: 1050 Quantity: 6013"
"TST.J"	"06/12/2018 07:16:31"	"00110000"	"9354"	"Continuous"	"891"	"4000"	"1025"	"991050"	"899"	"71013"	"Level: 1 Price: 898 Quantity: 8115| Level: 2 Price: 897 Quantity: 25013| Level: 3 Price: 893 Quantity: 71013| Level: 4 Price: 850 Quantity: 2400| Level: 5 Price: 750 Quantity: 26013"	"Level: 1 Price: 1025 Quantity: 991050| Level: 2 Price: 1040 Quantity: 19919| Level: 3 Price: 1050 Quantity: 6013"
"TST.J"	"06/12/2018 07:16:31"	"00100000"	"9354"	"Continuous"	"891"	"4000"	"1025"	"991050"	"899"	"73013"	"Level: 1 Price: 899 Quantity: 71013| Level: 2 Price: 898 Quantity: 8115| Level: 3 Price: 897 Quantity: 25013| Level: 4 Price: 850 Quantity: 2400| Level: 5 Price: 750 Quantity: 26013"	"Level: 1 Price: 1025 Quantity: 991050| Level: 2 Price: 1040 Quantity: 19919| Level: 3 Price: 1050 Quantity: 6013"
"TST.J"	"06/12/2018 07:16:38"	"00100000"	"9354"	"Continuous"	"891"	"4000"	"1025"	"991050"	"899"	"98013"	"Level: 1 Price: 899 Quantity: 73013| Level: 2 Price: 898 Quantity: 31115| Level: 3 Price: 850 Quantity: 2400| Level: 4 Price: 750 Quantity: 26013| Level: 5 Price: 105 Quantity: 15013"	"Level: 1 Price: 1025 Quantity: 991050| Level: 2 Price: 1040 Quantity: 19919| Level: 3 Price: 1050 Quantity: 6013"
"TST.J"	"06/12/2018 07:16:38"	"00110000"	"9354"	"Continuous"	"891"	"4000"	"1025"	"991050"	"900"	"25013"	"Level: 1 Price: 899 Quantity: 98013| Level: 2 Price: 898 Quantity: 6115| Level: 3 Price: 850 Quantity: 2400| Level: 4 Price: 750 Quantity: 26013| Level: 5 Price: 105 Quantity: 15013"	"Level: 1 Price: 1025 Quantity: 991050| Level: 2 Price: 1040 Quantity: 19919| Level: 3 Price: 1050 Quantity: 6013"
"TST.J"	"06/12/2018 07:16:38"	"00100000"	"9354"	"Continuous"	"891"	"4000"	"1025"	"991050"	"900"	"27013"	"Level: 1 Price: 900 Quantity: 25013| Level: 2 Price: 899 Quantity: 73013| Level: 3 Price: 898 Quantity: 6115| Level: 4 Price: 850 Quantity: 2400| Level: 5 Price: 750 Quantity: 26013"	"Level: 1 Price: 1025 Quantity: 991050| Level: 2 Price: 1040 Quantity: 19919| Level: 3 Price: 1050 Quantity: 6013"
"TST.J"	"06/12/2018 07:16:38"	"00110000"	"9354"	"Continuous"	"891"	"4000"	"1025"	"991050"	"901"	"25013"	"Level: 1 Price: 900 Quantity: 27013| Level: 2 Price: 899 Quantity: 71013| Level: 3 Price: 898 Quantity: 6115| Level: 4 Price: 850 Quantity: 2400| Level: 5 Price: 750 Quantity: 26013"	"Level: 1 Price: 1025 Quantity: 991050| Level: 2 Price: 1040 Quantity: 19919| Level: 3 Price: 1050 Quantity: 6013"
"TST.J"	"06/12/2018 07:16:38"	"00100000"	"9354"	"Continuous"	"891"	"4000"	"1025"	"991050"	"901"	"27013"	"Level: 1 Price: 901 Quantity: 25013| Level: 2 Price: 900 Quantity: 2013| Level: 3 Price: 899 Quantity: 71013| Level: 4 Price: 898 Quantity: 6115| Level: 5 Price: 850 Quantity: 2400"	"Level: 1 Price: 1025 Quantity: 991050| Level: 2 Price: 1040 Quantity: 19919| Level: 3 Price: 1050 Quantity: 6013"
"TST.J"	"06/12/2018 07:17:18"	"00110000"	"9354"	"Continuous"	"891"	"4000"	"1025"	"991050"	"902"	"6115"	"Level: 1 Price: 901 Quantity: 27013| Level: 2 Price: 899 Quantity: 71013| Level: 3 Price: 898 Quantity: 6115| Level: 4 Price: 850 Quantity: 2400| Level: 5 Price: 750 Quantity: 26013"	"Level: 1 Price: 1025 Quantity: 991050| Level: 2 Price: 1040 Quantity: 19919| Level: 3 Price: 1050 Quantity: 6013"
"TST.J"	"06/12/2018 07:17:18"	"00100000"	"9354"	"Continuous"	"891"	"4000"	"1025"	"991050"	"902"	"8115"	"Level: 1 Price: 902 Quantity: 6115| Level: 2 Price: 901 Quantity: 27013| Level: 3 Price: 899 Quantity: 71013| Level: 4 Price: 850 Quantity: 2400| Level: 5 Price: 750 Quantity: 26013"	"Level: 1 Price: 1025 Quantity: 991050| Level: 2 Price: 1040 Quantity: 19919| Level: 3 Price: 1050 Quantity: 6013"
"TST.J"	"06/12/2018 07:17:43"	"00110000"	"9354"	"Continuous"	"891"	"4000"	"1025"	"991050"	"903"	"71013"	"Level: 1 Price: 902 Quantity: 8115| Level: 2 Price: 901 Quantity: 25013| Level: 3 Price: 899 Quantity: 71013| Level: 4 Price: 850 Quantity: 2400| Level: 5 Price: 750 Quantity: 26013"	"Level: 1 Price: 1025 Quantity: 991050| Level: 2 Price: 1040 Quantity: 19919| Level: 3 Price: 1050 Quantity: 6013"
"TST.J"	"06/12/2018 07:17:43"	"00100000"	"9354"	"Continuous"	"891"	"4000"	"1025"	"991050"	"903"	"73013"	"Level: 1 Price: 903 Quantity: 71013| Level: 2 Price: 902 Quantity: 8115| Level: 3 Price: 901 Quantity: 25013| Level: 4 Price: 850 Quantity: 2400| Level: 5 Price: 750 Quantity: 26013"	"Level: 1 Price: 1025 Quantity: 991050| Level: 2 Price: 1040 Quantity: 19919| Level: 3 Price: 1050 Quantity: 6013"
"TST.J"	"06/12/2018 07:18:13"	"00110000"	"9354"	"Continuous"	"891"	"4000"	"1025"	"991050"	"904"	"6115"	"Level: 1 Price: 903 Quantity: 73013| Level: 2 Price: 901 Quantity: 25013| Level: 3 Price: 850 Quantity: 2400| Level: 4 Price: 750 Quantity: 26013| Level: 5 Price: 105 Quantity: 15013"	"Level: 1 Price: 1025 Quantity: 991050| Level: 2 Price: 1040 Quantity: 19919| Level: 3 Price: 1050 Quantity: 6013"
"TST.J"	"06/12/2018 07:18:13"	"00100000"	"9354"	"Continuous"	"891"	"4000"	"1025"	"991050"	"904"	"8115"	"Level: 1 Price: 904 Quantity: 6115| Level: 2 Price: 903 Quantity: 73013| Level: 3 Price: 901 Quantity: 25013| Level: 4 Price: 850 Quantity: 2400| Level: 5 Price: 750 Quantity: 26013"	"Level: 1 Price: 1025 Quantity: 991050| Level: 2 Price: 1040 Quantity: 19919| Level: 3 Price: 1050 Quantity: 6013"
"TST.J"	"06/12/2018 07:18:39"	"00001100"	"9354"	"Continuous"	"891"	"4000"	"1000"	"5353"	"904"	"8115"	"Level: 1 Price: 904 Quantity: 8115| Level: 2 Price: 903 Quantity: 71013| Level: 3 Price: 901 Quantity: 25013| Level: 4 Price: 850 Quantity: 2400| Level: 5 Price: 750 Quantity: 26013"	"Level: 1 Price: 1025 Quantity: 991050| Level: 2 Price: 1040 Quantity: 19919| Level: 3 Price: 1050 Quantity: 6013"
"TST.J"	"06/12/2018 07:18:39"	"00001000"	"9354"	"Continuous"	"891"	"4000"	"1000"	"7353"	"904"	"8115"	"Level: 1 Price: 904 Quantity: 8115| Level: 2 Price: 903 Quantity: 71013| Level: 3 Price: 901 Quantity: 25013| Level: 4 Price: 850 Quantity: 2400| Level: 5 Price: 750 Quantity: 26013"	"Level: 1 Price: 1000 Quantity: 5353| Level: 2 Price: 1025 Quantity: 991050| Level: 3 Price: 1040 Quantity: 19919| Level: 4 Price: 1050 Quantity: 6013"
"TST.J"	"06/12/2018 07:18:59"	"00001000"	"9354"	"Continuous"	"891"	"4000"	"1000"	"2000"	"904"	"8115"	"Level: 1 Price: 904 Quantity: 8115| Level: 2 Price: 903 Quantity: 71013| Level: 3 Price: 901 Quantity: 25013| Level: 4 Price: 850 Quantity: 2400| Level: 5 Price: 750 Quantity: 26013"	"Level: 1 Price: 1000 Quantity: 7353| Level: 2 Price: 1025 Quantity: 989050| Level: 3 Price: 1040 Quantity: 19919| Level: 4 Price: 1050 Quantity: 6013"
"TST.J"	"06/12/2018 07:19:22"	"00110000"	"9354"	"Continuous"	"891"	"4000"	"1000"	"2000"	"995"	"1"	"Level: 1 Price: 904 Quantity: 8115| Level: 2 Price: 903 Quantity: 71013| Level: 3 Price: 901 Quantity: 25013| Level: 4 Price: 850 Quantity: 2400| Level: 5 Price: 750 Quantity: 26013"	"Level: 1 Price: 1000 Quantity: 2013| Level: 2 Price: 1025 Quantity: 989050| Level: 3 Price: 1040 Quantity: 19919| Level: 4 Price: 1050 Quantity: 6013"
"TST.J"	"06/12/2018 07:22:09"	"00010000"	"9354"	"Continuous"	"891"	"4000"	"1000"	"2000"	"994"	"1"	"Level: 1 Price: 995 Quantity: 1| Level: 2 Price: 904 Quantity: 2013| Level: 3 Price: 903 Quantity: 71013| Level: 4 Price: 900 Quantity: 25013| Level: 5 Price: 850 Quantity: 2400"	"Level: 1 Price: 1000 Quantity: 2013| Level: 2 Price: 1025 Quantity: 989050| Level: 3 Price: 1040 Quantity: 19919| Level: 4 Price: 1050 Quantity: 6013"
"TST.J"	"06/12/2018 07:22:09"	"00010000"	"9354"	"Continuous"	"891"	"4000"	"1000"	"2000"	"993"	"1"	"Level: 1 Price: 994 Quantity: 1| Level: 2 Price: 904 Quantity: 2013| Level: 3 Price: 903 Quantity: 71013| Level: 4 Price: 900 Quantity: 25013| Level: 5 Price: 850 Quantity: 2400"	"Level: 1 Price: 1000 Quantity: 2013| Level: 2 Price: 1025 Quantity: 989050| Level: 3 Price: 1040 Quantity: 19919| Level: 4 Price: 1050 Quantity: 6013"
"TST.J"	"06/12/2018 07:22:10"	"00010000"	"9354"	"Continuous"	"891"	"4000"	"1000"	"2000"	"992"	"1"	"Level: 1 Price: 993 Quantity: 1| Level: 2 Price: 904 Quantity: 2013| Level: 3 Price: 903 Quantity: 71013| Level: 4 Price: 900 Quantity: 25013| Level: 5 Price: 850 Quantity: 2400"	"Level: 1 Price: 1000 Quantity: 2013| Level: 2 Price: 1025 Quantity: 989050| Level: 3 Price: 1040 Quantity: 19919| Level: 4 Price: 1050 Quantity: 6013"
"TST.J"	"06/12/2018 07:22:10"	"00010000"	"9354"	"Continuous"	"891"	"4000"	"1000"	"2000"	"991"	"1"	"Level: 1 Price: 992 Quantity: 1| Level: 2 Price: 904 Quantity: 2013| Level: 3 Price: 903 Quantity: 71013| Level: 4 Price: 900 Quantity: 25013| Level: 5 Price: 850 Quantity: 2400"	"Level: 1 Price: 1000 Quantity: 2013| Level: 2 Price: 1025 Quantity: 989050| Level: 3 Price: 1040 Quantity: 19919| Level: 4 Price: 1050 Quantity: 6013"
"TST.J"	"06/12/2018 07:22:10"	"00010000"	"9354"	"Continuous"	"891"	"4000"	"1000"	"2000"	"990"	"1"	"Level: 1 Price: 991 Quantity: 1| Level: 2 Price: 904 Quantity: 2013| Level: 3 Price: 903 Quantity: 71013| Level: 4 Price: 900 Quantity: 25013| Level: 5 Price: 850 Quantity: 2400"	"Level: 1 Price: 1000 Quantity: 2013| Level: 2 Price: 1025 Quantity: 989050| Level: 3 Price: 1040 Quantity: 19919| Level: 4 Price: 1050 Quantity: 6013"
"TST.J"	"06/12/2018 07:22:10"	"00010000"	"9354"	"Continuous"	"891"	"4000"	"1000"	"2000"	"989"	"1"	"Level: 1 Price: 990 Quantity: 1| Level: 2 Price: 904 Quantity: 2013| Level: 3 Price: 903 Quantity: 71013| Level: 4 Price: 900 Quantity: 25013| Level: 5 Price: 850 Quantity: 2400"	"Level: 1 Price: 1000 Quantity: 2013| Level: 2 Price: 1025 Quantity: 989050| Level: 3 Price: 1040 Quantity: 19919| Level: 4 Price: 1050 Quantity: 6013"
"TST.J"	"06/12/2018 07:22:11"	"00010000"	"9354"	"Continuous"	"891"	"4000"	"1000"	"2000"	"988"	"1"	"Level: 1 Price: 989 Quantity: 1| Level: 2 Price: 904 Quantity: 2013| Level: 3 Price: 903 Quantity: 71013| Level: 4 Price: 900 Quantity: 25013| Level: 5 Price: 850 Quantity: 2400"	"Level: 1 Price: 1000 Quantity: 2013| Level: 2 Price: 1025 Quantity: 989050| Level: 3 Price: 1040 Quantity: 19919| Level: 4 Price: 1050 Quantity: 6013"
"TST.J"	"06/12/2018 07:22:11"	"00010000"	"9354"	"Continuous"	"891"	"4000"	"1000"	"2000"	"987"	"1"	"Level: 1 Price: 988 Quantity: 1| Level: 2 Price: 904 Quantity: 2013| Level: 3 Price: 903 Quantity: 71013| Level: 4 Price: 900 Quantity: 25013| Level: 5 Price: 850 Quantity: 2400"	"Level: 1 Price: 1000 Quantity: 2013| Level: 2 Price: 1025 Quantity: 989050| Level: 3 Price: 1040 Quantity: 19919| Level: 4 Price: 1050 Quantity: 6013"
"TST.J"	"06/12/2018 07:22:11"	"00010000"	"9354"	"Continuous"	"891"	"4000"	"1000"	"2000"	"986"	"1"	"Level: 1 Price: 987 Quantity: 1| Level: 2 Price: 904 Quantity: 2013| Level: 3 Price: 903 Quantity: 71013| Level: 4 Price: 900 Quantity: 25013| Level: 5 Price: 850 Quantity: 2400"	"Level: 1 Price: 1000 Quantity: 2013| Level: 2 Price: 1025 Quantity: 989050| Level: 3 Price: 1040 Quantity: 19919| Level: 4 Price: 1050 Quantity: 6013"
"TST.J"	"06/12/2018 07:22:12"	"00010000"	"9354"	"Continuous"	"891"	"4000"	"1000"	"2000"	"985"	"1"	"Level: 1 Price: 986 Quantity: 1| Level: 2 Price: 904 Quantity: 2013| Level: 3 Price: 903 Quantity: 71013| Level: 4 Price: 900 Quantity: 25013| Level: 5 Price: 850 Quantity: 2400"	"Level: 1 Price: 1000 Quantity: 2013| Level: 2 Price: 1025 Quantity: 989050| Level: 3 Price: 1040 Quantity: 19919| Level: 4 Price: 1050 Quantity: 6013"
"TST.J"	"06/12/2018 07:22:13"	"00010000"	"9354"	"Continuous"	"891"	"4000"	"1000"	"2000"	"986"	"1"	"Level: 1 Price: 985 Quantity: 1| Level: 2 Price: 904 Quantity: 2013| Level: 3 Price: 903 Quantity: 71013| Level: 4 Price: 900 Quantity: 25013| Level: 5 Price: 850 Quantity: 2400"	"Level: 1 Price: 1000 Quantity: 2013| Level: 2 Price: 1025 Quantity: 989050| Level: 3 Price: 1040 Quantity: 19919| Level: 4 Price: 1050 Quantity: 6013"
"TST.J"	"06/12/2018 07:22:14"	"00010000"	"9354"	"Continuous"	"891"	"4000"	"1000"	"2000"	"987"	"1"	"Level: 1 Price: 986 Quantity: 1| Level: 2 Price: 904 Quantity: 2013| Level: 3 Price: 903 Quantity: 71013| Level: 4 Price: 900 Quantity: 25013| Level: 5 Price: 850 Quantity: 2400"	"Level: 1 Price: 1000 Quantity: 2013| Level: 2 Price: 1025 Quantity: 989050| Level: 3 Price: 1040 Quantity: 19919| Level: 4 Price: 1050 Quantity: 6013"
"TST.J"	"06/12/2018 07:22:14"	"00010000"	"9354"	"Continuous"	"891"	"4000"	"1000"	"2000"	"988"	"1"	"Level: 1 Price: 987 Quantity: 1| Level: 2 Price: 904 Quantity: 2013| Level: 3 Price: 903 Quantity: 71013| Level: 4 Price: 900 Quantity: 25013| Level: 5 Price: 850 Quantity: 2400"	"Level: 1 Price: 1000 Quantity: 2013| Level: 2 Price: 1025 Quantity: 989050| Level: 3 Price: 1040 Quantity: 19919| Level: 4 Price: 1050 Quantity: 6013"
"TST.J"	"06/12/2018 07:22:14"	"00010000"	"9354"	"Continuous"	"891"	"4000"	"1000"	"2000"	"989"	"1"	"Level: 1 Price: 988 Quantity: 1| Level: 2 Price: 904 Quantity: 2013| Level: 3 Price: 903 Quantity: 71013| Level: 4 Price: 900 Quantity: 25013| Level: 5 Price: 850 Quantity: 2400"	"Level: 1 Price: 1000 Quantity: 2013| Level: 2 Price: 1025 Quantity: 989050| Level: 3 Price: 1040 Quantity: 19919| Level: 4 Price: 1050 Quantity: 6013"
"TST.J"	"06/12/2018 07:22:17"	"00110000"	"9354"	"Continuous"	"891"	"4000"	"1000"	"2000"	"904"	"2013"	"Level: 1 Price: 989 Quantity: 1| Level: 2 Price: 904 Quantity: 2013| Level: 3 Price: 903 Quantity: 71013| Level: 4 Price: 900 Quantity: 25013| Level: 5 Price: 850 Quantity: 2400"	"Level: 1 Price: 1000 Quantity: 2013| Level: 2 Price: 1025 Quantity: 989050| Level: 3 Price: 1040 Quantity: 19919| Level: 4 Price: 1050 Quantity: 6013"
"TST.J"	"06/12/2018 07:22:20"	"00110000"	"9354"	"Continuous"	"891"	"4000"	"1000"	"2000"	"905"	"6115"	"Level: 1 Price: 904 Quantity: 2013| Level: 2 Price: 903 Quantity: 71013| Level: 3 Price: 900 Quantity: 25013| Level: 4 Price: 850 Quantity: 2400| Level: 5 Price: 750 Quantity: 26013"	"Level: 1 Price: 1000 Quantity: 2013| Level: 2 Price: 1025 Quantity: 989050| Level: 3 Price: 1040 Quantity: 19919| Level: 4 Price: 1050 Quantity: 6013"
"TST.J"	"06/12/2018 07:22:20"	"00100000"	"9354"	"Continuous"	"891"	"4000"	"1000"	"2000"	"905"	"8115"	"Level: 1 Price: 905 Quantity: 6115| Level: 2 Price: 904 Quantity: 2013| Level: 3 Price: 903 Quantity: 71013| Level: 4 Price: 900 Quantity: 25013| Level: 5 Price: 850 Quantity: 2400"	"Level: 1 Price: 1000 Quantity: 2013| Level: 2 Price: 1025 Quantity: 989050| Level: 3 Price: 1040 Quantity: 19919| Level: 4 Price: 1050 Quantity: 6013"
"TST.J"	"06/12/2018 07:22:35"	"00001100"	"9354"	"Continuous"	"891"	"4000"	"999"	"5353"	"905"	"8115"	"Level: 1 Price: 905 Quantity: 8115| Level: 2 Price: 903 Quantity: 71013| Level: 3 Price: 900 Quantity: 25013| Level: 4 Price: 850 Quantity: 2400| Level: 5 Price: 750 Quantity: 26013"	"Level: 1 Price: 1000 Quantity: 2013| Level: 2 Price: 1025 Quantity: 989050| Level: 3 Price: 1040 Quantity: 19919| Level: 4 Price: 1050 Quantity: 6013"
"TST.J"	"06/12/2018 07:22:35"	"00001000"	"9354"	"Continuous"	"891"	"4000"	"999"	"7353"	"905"	"8115"	"Level: 1 Price: 905 Quantity: 8115| Level: 2 Price: 903 Quantity: 71013| Level: 3 Price: 900 Quantity: 25013| Level: 4 Price: 850 Quantity: 2400| Level: 5 Price: 750 Quantity: 26013"	"Level: 1 Price: 999 Quantity: 5353| Level: 2 Price: 1000 Quantity: 2013| Level: 3 Price: 1025 Quantity: 989050| Level: 4 Price: 1040 Quantity: 19919| Level: 5 Price: 1050 Quantity: 6013"
"TST.J"	"06/12/2018 07:29:54"	"00001100"	"9354"	"Continuous"	"891"	"4000"	"950"	"1"	"905"	"8115"	"Level: 1 Price: 905 Quantity: 8115| Level: 2 Price: 891 Quantity: 71013| Level: 3 Price: 850 Quantity: 2400| Level: 4 Price: 750 Quantity: 26013| Level: 5 Price: 105 Quantity: 15013"	"Level: 1 Price: 999 Quantity: 7353| Level: 2 Price: 1025 Quantity: 989050| Level: 3 Price: 1040 Quantity: 19919| Level: 4 Price: 1050 Quantity: 6013"
"TST.J"	"06/12/2018 07:29:54"	"00001000"	"9354"	"Continuous"	"891"	"4000"	"950"	"2001"	"905"	"8115"	"Level: 1 Price: 905 Quantity: 8115| Level: 2 Price: 891 Quantity: 71013| Level: 3 Price: 850 Quantity: 2400| Level: 4 Price: 750 Quantity: 26013| Level: 5 Price: 105 Quantity: 15013"	"Level: 1 Price: 950 Quantity: 1| Level: 2 Price: 999 Quantity: 7353| Level: 3 Price: 1025 Quantity: 989050| Level: 4 Price: 1040 Quantity: 19919| Level: 5 Price: 1050 Quantity: 6013"
"TST.J"	"06/12/2018 07:30:02"	"00001100"	"9354"	"Continuous"	"891"	"4000"	"935"	"1"	"905"	"8115"	"Level: 1 Price: 905 Quantity: 8115| Level: 2 Price: 891 Quantity: 71013| Level: 3 Price: 850 Quantity: 2400| Level: 4 Price: 750 Quantity: 26013| Level: 5 Price: 105 Quantity: 15013"	"Level: 1 Price: 950 Quantity: 2001| Level: 2 Price: 999 Quantity: 5353| Level: 3 Price: 1024 Quantity: 3474| Level: 4 Price: 1025 Quantity: 989050| Level: 5 Price: 1040 Quantity: 19919"
"TST.J"	"06/12/2018 07:30:09"	"00001100"	"9354"	"Continuous"	"891"	"4000"	"950"	"2001"	"905"	"8115"	"Level: 1 Price: 905 Quantity: 8115| Level: 2 Price: 891 Quantity: 71013| Level: 3 Price: 850 Quantity: 2400| Level: 4 Price: 750 Quantity: 26013| Level: 5 Price: 105 Quantity: 15013"	"Level: 1 Price: 935 Quantity: 1| Level: 2 Price: 950 Quantity: 2001| Level: 3 Price: 999 Quantity: 5353| Level: 4 Price: 1024 Quantity: 3474| Level: 5 Price: 1025 Quantity: 989050"
"TST.J"	"06/12/2018 07:30:39"	"00001100"	"9354"	"Continuous"	"891"	"4000"	"940"	"1"	"905"	"8115"	"Level: 1 Price: 905 Quantity: 8115| Level: 2 Price: 891 Quantity: 71013| Level: 3 Price: 850 Quantity: 2400| Level: 4 Price: 750 Quantity: 26013| Level: 5 Price: 105 Quantity: 15013"	"Level: 1 Price: 950 Quantity: 2001| Level: 2 Price: 999 Quantity: 5353| Level: 3 Price: 1024 Quantity: 3474| Level: 4 Price: 1025 Quantity: 989050| Level: 5 Price: 1040 Quantity: 19919"
"TST.J"	"06/12/2018 07:30:47"	"00001100"	"9354"	"Continuous"	"891"	"4000"	"950"	"2001"	"905"	"8115"	"Level: 1 Price: 905 Quantity: 8115| Level: 2 Price: 891 Quantity: 71013| Level: 3 Price: 850 Quantity: 2400| Level: 4 Price: 750 Quantity: 26013| Level: 5 Price: 105 Quantity: 15013"	"Level: 1 Price: 940 Quantity: 1| Level: 2 Price: 950 Quantity: 2001| Level: 3 Price: 999 Quantity: 5353| Level: 4 Price: 1024 Quantity: 3474| Level: 5 Price: 1025 Quantity: 989050"
"TST.J"	"06/12/2018 07:30:51"	"00001000"	"9354"	"Continuous"	"891"	"4000"	"950"	"2000"	"905"	"8115"	"Level: 1 Price: 905 Quantity: 8115| Level: 2 Price: 891 Quantity: 71013| Level: 3 Price: 850 Quantity: 2400| Level: 4 Price: 750 Quantity: 26013| Level: 5 Price: 105 Quantity: 15013"	"Level: 1 Price: 950 Quantity: 2001| Level: 2 Price: 999 Quantity: 5353| Level: 3 Price: 1024 Quantity: 3474| Level: 4 Price: 1025 Quantity: 989050| Level: 5 Price: 1040 Quantity: 19919"
"TST.J"	"06/12/2018 07:34:22"	"10000011"	"11374"	"Continuous"	"905"	"2020"	"950"	"2000"	"905"	"8115"	"Level: 1 Price: 905 Quantity: 8115| Level: 2 Price: 891 Quantity: 71013| Level: 3 Price: 850 Quantity: 2400| Level: 4 Price: 750 Quantity: 26013| Level: 5 Price: 105 Quantity: 15013"	"Level: 1 Price: 950 Quantity: 2013| Level: 2 Price: 999 Quantity: 5353| Level: 3 Price: 1024 Quantity: 3474| Level: 4 Price: 1025 Quantity: 989050| Level: 5 Price: 1040 Quantity: 19919"
"TST.J"	"06/12/2018 07:34:22"	"00100000"	"11374"	"Continuous"	"905"	"2020"	"950"	"2000"	"905"	"6095"	"Level: 1 Price: 905 Quantity: 8115| Level: 2 Price: 891 Quantity: 71013| Level: 3 Price: 850 Quantity: 2400| Level: 4 Price: 750 Quantity: 26013| Level: 5 Price: 105 Quantity: 15013"	"Level: 1 Price: 950 Quantity: 2013| Level: 2 Price: 999 Quantity: 5353| Level: 3 Price: 1024 Quantity: 3474| Level: 4 Price: 1025 Quantity: 989050| Level: 5 Price: 1040 Quantity: 19919"
"TST.J"	"06/12/2018 07:36:02"	"00110000"	"11374"	"Continuous"	"905"	"2020"	"950"	"2000"	"910"	"2200"	"Level: 1 Price: 905 Quantity: 6095| Level: 2 Price: 891 Quantity: 71013| Level: 3 Price: 850 Quantity: 2400| Level: 4 Price: 750 Quantity: 26013| Level: 5 Price: 105 Quantity: 15013"	"Level: 1 Price: 950 Quantity: 2013| Level: 2 Price: 999 Quantity: 5353| Level: 3 Price: 1024 Quantity: 3474| Level: 4 Price: 1025 Quantity: 989050| Level: 5 Price: 1040 Quantity: 19919"
"TST.J"	"06/12/2018 07:36:02"	"00100000"	"11374"	"Continuous"	"905"	"2020"	"950"	"2000"	"910"	"4200"	"Level: 1 Price: 910 Quantity: 2200| Level: 2 Price: 905 Quantity: 6095| Level: 3 Price: 891 Quantity: 71013| Level: 4 Price: 850 Quantity: 2400| Level: 5 Price: 750 Quantity: 26013"	"Level: 1 Price: 950 Quantity: 2013| Level: 2 Price: 999 Quantity: 5353| Level: 3 Price: 1024 Quantity: 3474| Level: 4 Price: 1025 Quantity: 989050| Level: 5 Price: 1040 Quantity: 19919"
"TST.J"	"06/12/2018 07:36:06"	"00110000"	"11374"	"Continuous"	"905"	"2020"	"950"	"2000"	"911"	"4095"	"Level: 1 Price: 910 Quantity: 4200| Level: 2 Price: 905 Quantity: 4095| Level: 3 Price: 892 Quantity: 8746| Level: 4 Price: 891 Quantity: 71013| Level: 5 Price: 850 Quantity: 2400"	"Level: 1 Price: 950 Quantity: 2013| Level: 2 Price: 999 Quantity: 5353| Level: 3 Price: 1024 Quantity: 3474| Level: 4 Price: 1025 Quantity: 989050| Level: 5 Price: 1040 Quantity: 19919"
"TST.J"	"06/12/2018 07:36:21"	"00110000"	"11374"	"Continuous"	"905"	"2020"	"950"	"2000"	"912"	"10013"	"Level: 1 Price: 911 Quantity: 4095| Level: 2 Price: 910 Quantity: 4200| Level: 3 Price: 850 Quantity: 2400| Level: 4 Price: 750 Quantity: 26013| Level: 5 Price: 105 Quantity: 15013"	"Level: 1 Price: 950 Quantity: 2013| Level: 2 Price: 999 Quantity: 5353| Level: 3 Price: 1024 Quantity: 3474| Level: 4 Price: 1025 Quantity: 989050| Level: 5 Price: 1040 Quantity: 19919"
"TST.J"	"06/12/2018 07:37:06"	"00110000"	"11374"	"Continuous"	"905"	"2020"	"950"	"2000"	"913"	"4095"	"Level: 1 Price: 912 Quantity: 10013| Level: 2 Price: 911 Quantity: 4095| Level: 3 Price: 910 Quantity: 4200| Level: 4 Price: 850 Quantity: 2400| Level: 5 Price: 750 Quantity: 26013"	"Level: 1 Price: 950 Quantity: 2013| Level: 2 Price: 999 Quantity: 5353| Level: 3 Price: 1024 Quantity: 3474| Level: 4 Price: 1025 Quantity: 989050| Level: 5 Price: 1040 Quantity: 19919"
"TST.J"	"06/12/2018 07:39:03"	"00110000"	"11374"	"Continuous"	"905"	"2020"	"950"	"2000"	"925"	"2200"	"Level: 1 Price: 913 Quantity: 4095| Level: 2 Price: 911 Quantity: 10013| Level: 3 Price: 910 Quantity: 2013| Level: 4 Price: 850 Quantity: 2400| Level: 5 Price: 750 Quantity: 26013"	"Level: 1 Price: 950 Quantity: 2013| Level: 2 Price: 999 Quantity: 5353| Level: 3 Price: 1024 Quantity: 3474| Level: 4 Price: 1025 Quantity: 989050| Level: 5 Price: 1040 Quantity: 19919"
"TST.J"	"06/12/2018 07:39:08"	"00110000"	"11374"	"Continuous"	"905"	"2020"	"950"	"2000"	"926"	"4095"	"Level: 1 Price: 925 Quantity: 2200| Level: 2 Price: 913 Quantity: 4095| Level: 3 Price: 911 Quantity: 10013| Level: 4 Price: 910 Quantity: 2013| Level: 5 Price: 850 Quantity: 2400"	"Level: 1 Price: 950 Quantity: 2013| Level: 2 Price: 999 Quantity: 5353| Level: 3 Price: 1024 Quantity: 3474| Level: 4 Price: 1025 Quantity: 989050| Level: 5 Price: 1040 Quantity: 19919"
"TST.J"	"06/12/2018 07:40:31"	"00001100"	"11374"	"Continuous"	"905"	"2020"	"999"	"5353"	"926"	"4095"	"Level: 1 Price: 926 Quantity: 4095| Level: 2 Price: 911 Quantity: 10013| Level: 3 Price: 885 Quantity: 2013| Level: 4 Price: 850 Quantity: 2400| Level: 5 Price: 750 Quantity: 26013"	"Level: 1 Price: 950 Quantity: 2013| Level: 2 Price: 999 Quantity: 5353| Level: 3 Price: 1024 Quantity: 3474| Level: 4 Price: 1025 Quantity: 989050| Level: 5 Price: 1040 Quantity: 19919"
"TST.J"	"06/12/2018 07:40:47"	"00001000"	"11374"	"Continuous"	"905"	"2020"	"999"	"7353"	"926"	"4095"	"Level: 1 Price: 926 Quantity: 4095| Level: 2 Price: 911 Quantity: 10013| Level: 3 Price: 885 Quantity: 2013| Level: 4 Price: 850 Quantity: 2400| Level: 5 Price: 750 Quantity: 26013"	"Level: 1 Price: 999 Quantity: 5353| Level: 2 Price: 1025 Quantity: 989050| Level: 3 Price: 1040 Quantity: 19919| Level: 4 Price: 1050 Quantity: 6013"
"TST.J"	"06/12/2018 07:42:17"	"00110000"	"11374"	"Continuous"	"905"	"2020"	"999"	"7353"	"950"	"2150"	"Level: 1 Price: 926 Quantity: 4095| Level: 2 Price: 900 Quantity: 50013| Level: 3 Price: 885 Quantity: 2013| Level: 4 Price: 850 Quantity: 2400| Level: 5 Price: 750 Quantity: 26013"	"Level: 1 Price: 999 Quantity: 7353| Level: 2 Price: 1025 Quantity: 989050| Level: 3 Price: 1040 Quantity: 19919| Level: 4 Price: 1050 Quantity: 6013"
"TST.J"	"06/12/2018 07:42:30"	"00001100"	"11374"	"Continuous"	"905"	"2020"	"990"	"4000"	"950"	"2150"	"Level: 1 Price: 950 Quantity: 2150| Level: 2 Price: 926 Quantity: 4095| Level: 3 Price: 900 Quantity: 50013| Level: 4 Price: 885 Quantity: 2013| Level: 5 Price: 850 Quantity: 2400"	"Level: 1 Price: 999 Quantity: 7353| Level: 2 Price: 1025 Quantity: 989050| Level: 3 Price: 1040 Quantity: 19919| Level: 4 Price: 1050 Quantity: 6013"
"TST.J"	"06/12/2018 07:42:30"	"00001000"	"11374"	"Continuous"	"905"	"2020"	"990"	"6000"	"950"	"2150"	"Level: 1 Price: 950 Quantity: 2150| Level: 2 Price: 926 Quantity: 4095| Level: 3 Price: 900 Quantity: 50013| Level: 4 Price: 885 Quantity: 2013| Level: 5 Price: 850 Quantity: 2400"	"Level: 1 Price: 990 Quantity: 4013| Level: 2 Price: 999 Quantity: 7353| Level: 3 Price: 1025 Quantity: 989050| Level: 4 Price: 1040 Quantity: 19919| Level: 5 Price: 1050 Quantity: 6013"
"TST.J"	"06/12/2018 07:43:01"	"00110000"	"11374"	"Continuous"	"905"	"2020"	"990"	"6000"	"951"	"4095"	"Level: 1 Price: 950 Quantity: 2150| Level: 2 Price: 926 Quantity: 4095| Level: 3 Price: 900 Quantity: 65170| Level: 4 Price: 850 Quantity: 2400| Level: 5 Price: 750 Quantity: 26013"	"Level: 1 Price: 990 Quantity: 6013| Level: 2 Price: 999 Quantity: 5353| Level: 3 Price: 1024 Quantity: 3474| Level: 4 Price: 1025 Quantity: 989050| Level: 5 Price: 1040 Quantity: 19919"
"TST.J"	"06/12/2018 07:43:20"	"00110000"	"11374"	"Continuous"	"905"	"2020"	"990"	"6000"	"959"	"100"	"Level: 1 Price: 951 Quantity: 4095| Level: 2 Price: 950 Quantity: 2150| Level: 3 Price: 900 Quantity: 65170| Level: 4 Price: 850 Quantity: 2400| Level: 5 Price: 750 Quantity: 26013"	"Level: 1 Price: 990 Quantity: 6013| Level: 2 Price: 999 Quantity: 5353| Level: 3 Price: 1024 Quantity: 3474| Level: 4 Price: 1025 Quantity: 989050| Level: 5 Price: 1040 Quantity: 19919"
"TST.J"	"06/12/2018 07:43:27"	"00110000"	"11374"	"Continuous"	"905"	"2020"	"990"	"6000"	"951"	"4095"	"Level: 1 Price: 959 Quantity: 100| Level: 2 Price: 951 Quantity: 4095| Level: 3 Price: 950 Quantity: 2150| Level: 4 Price: 900 Quantity: 65170| Level: 5 Price: 850 Quantity: 2400"	"Level: 1 Price: 990 Quantity: 6013| Level: 2 Price: 999 Quantity: 5353| Level: 3 Price: 1024 Quantity: 3474| Level: 4 Price: 1025 Quantity: 989050| Level: 5 Price: 1040 Quantity: 19919"
"TST.J"	"06/12/2018 07:46:48"	"00001100"	"11374"	"Continuous"	"905"	"2020"	"985"	"5353"	"951"	"4095"	"Level: 1 Price: 951 Quantity: 4095| Level: 2 Price: 950 Quantity: 2150| Level: 3 Price: 900 Quantity: 65170| Level: 4 Price: 850 Quantity: 2400| Level: 5 Price: 750 Quantity: 26013"	"Level: 1 Price: 990 Quantity: 6013| Level: 2 Price: 999 Quantity: 5353| Level: 3 Price: 1024 Quantity: 3474| Level: 4 Price: 1025 Quantity: 989050| Level: 5 Price: 1040 Quantity: 19919"
"TST.J"	"06/12/2018 07:46:48"	"00001000"	"11374"	"Continuous"	"905"	"2020"	"985"	"7353"	"951"	"4095"	"Level: 1 Price: 951 Quantity: 4095| Level: 2 Price: 950 Quantity: 2150| Level: 3 Price: 900 Quantity: 65170| Level: 4 Price: 850 Quantity: 2400| Level: 5 Price: 750 Quantity: 26013"	"Level: 1 Price: 985 Quantity: 5353| Level: 2 Price: 990 Quantity: 6013| Level: 3 Price: 1024 Quantity: 3474| Level: 4 Price: 1025 Quantity: 989050| Level: 5 Price: 1040 Quantity: 19919"
"TST.J"	"06/12/2018 07:48:23"	"00001000"	"11374"	"Continuous"	"905"	"2020"	"985"	"2000"	"951"	"4095"	"Level: 1 Price: 951 Quantity: 4095| Level: 2 Price: 950 Quantity: 2150| Level: 3 Price: 900 Quantity: 65170| Level: 4 Price: 850 Quantity: 2400| Level: 5 Price: 750 Quantity: 26013"	"Level: 1 Price: 985 Quantity: 7353| Level: 2 Price: 990 Quantity: 4013| Level: 3 Price: 1024 Quantity: 3474| Level: 4 Price: 1025 Quantity: 989050| Level: 5 Price: 1040 Quantity: 19919"
"TST.J"	"06/12/2018 07:48:23"	"10000011"	"15469"	"Continuous"	"951"	"4095"	"985"	"2000"	"951"	"4095"	"Level: 1 Price: 951 Quantity: 4095| Level: 2 Price: 950 Quantity: 2150| Level: 3 Price: 900 Quantity: 65170| Level: 4 Price: 850 Quantity: 2400| Level: 5 Price: 750 Quantity: 26013"	"Level: 1 Price: 985 Quantity: 2013| Level: 2 Price: 990 Quantity: 4013| Level: 3 Price: 1024 Quantity: 3474| Level: 4 Price: 1025 Quantity: 989050| Level: 5 Price: 1040 Quantity: 19919"
"TST.J"	"06/12/2018 07:48:23"	"00110000"	"15469"	"Continuous"	"951"	"4095"	"985"	"2000"	"950"	"2150"	"Level: 1 Price: 951 Quantity: 4095| Level: 2 Price: 950 Quantity: 2150| Level: 3 Price: 900 Quantity: 65170| Level: 4 Price: 850 Quantity: 2400| Level: 5 Price: 750 Quantity: 26013"	"Level: 1 Price: 985 Quantity: 2013| Level: 2 Price: 990 Quantity: 4013| Level: 3 Price: 1024 Quantity: 3474| Level: 4 Price: 1025 Quantity: 989050| Level: 5 Price: 1040 Quantity: 19919"
"TST.J"	"06/12/2018 07:48:23"	"10000011"	"16727"	"Continuous"	"950"	"1258"	"985"	"2000"	"950"	"2150"	"Level: 1 Price: 950 Quantity: 2150| Level: 2 Price: 900 Quantity: 65170| Level: 3 Price: 850 Quantity: 2400| Level: 4 Price: 750 Quantity: 26013| Level: 5 Price: 105 Quantity: 15013"	"Level: 1 Price: 985 Quantity: 2013| Level: 2 Price: 990 Quantity: 4013| Level: 3 Price: 1024 Quantity: 3474| Level: 4 Price: 1025 Quantity: 989050| Level: 5 Price: 1040 Quantity: 19919"
"TST.J"	"06/12/2018 07:48:23"	"00100000"	"16727"	"Continuous"	"950"	"1258"	"985"	"2000"	"950"	"892"	"Level: 1 Price: 950 Quantity: 2150| Level: 2 Price: 900 Quantity: 65170| Level: 3 Price: 850 Quantity: 2400| Level: 4 Price: 750 Quantity: 26013| Level: 5 Price: 105 Quantity: 15013"	"Level: 1 Price: 985 Quantity: 2013| Level: 2 Price: 990 Quantity: 4013| Level: 3 Price: 1024 Quantity: 3474| Level: 4 Price: 1025 Quantity: 989050| Level: 5 Price: 1040 Quantity: 19919"
"TST.J"	"06/12/2018 07:58:33"	"00100000"	"16727"	"Continuous"	"950"	"1258"	"985"	"2000"	"950"	"1070"	"Level: 1 Price: 950 Quantity: 892| Level: 2 Price: 900 Quantity: 50013| Level: 3 Price: 850 Quantity: 2400| Level: 4 Price: 750 Quantity: 26013| Level: 5 Price: 105 Quantity: 15013"	"Level: 1 Price: 985 Quantity: 2013| Level: 2 Price: 990 Quantity: 4013| Level: 3 Price: 1024 Quantity: 3474| Level: 4 Price: 1025 Quantity: 989050| Level: 5 Price: 1040 Quantity: 19919"
"TST.J"	"06/12/2018 08:20:08"	"00100000"	"16727"	"Continuous"	"950"	"1258"	"985"	"2000"	"950"	"892"	"Level: 1 Price: 950 Quantity: 1070| Level: 2 Price: 900 Quantity: 65170| Level: 3 Price: 890 Quantity: 2200| Level: 4 Price: 850 Quantity: 2400| Level: 5 Price: 750 Quantity: 26013"	"Level: 1 Price: 985 Quantity: 2013| Level: 2 Price: 990 Quantity: 4013| Level: 3 Price: 1024 Quantity: 3474| Level: 4 Price: 1025 Quantity: 989050| Level: 5 Price: 1040 Quantity: 19919"
"TST.J"	"06/12/2018 08:20:29"	"10000010"	"16905"	"Continuous"	"950"	"178"	"985"	"2000"	"950"	"892"	"Level: 1 Price: 950 Quantity: 892| Level: 2 Price: 900 Quantity: 65170| Level: 3 Price: 890 Quantity: 2200| Level: 4 Price: 850 Quantity: 2400| Level: 5 Price: 750 Quantity: 26013"	"Level: 1 Price: 985 Quantity: 2013| Level: 2 Price: 990 Quantity: 4013| Level: 3 Price: 1024 Quantity: 3474| Level: 4 Price: 1025 Quantity: 989050| Level: 5 Price: 1040 Quantity: 19919"
"TST.J"	"06/12/2018 08:20:29"	"00100000"	"16905"	"Continuous"	"950"	"178"	"985"	"2000"	"950"	"714"	"Level: 1 Price: 950 Quantity: 892| Level: 2 Price: 900 Quantity: 65170| Level: 3 Price: 890 Quantity: 2200| Level: 4 Price: 850 Quantity: 2400| Level: 5 Price: 750 Quantity: 26013"	"Level: 1 Price: 985 Quantity: 2013| Level: 2 Price: 990 Quantity: 4013| Level: 3 Price: 1024 Quantity: 3474| Level: 4 Price: 1025 Quantity: 989050| Level: 5 Price: 1040 Quantity: 19919"
"TST.J"	"06/12/2018 08:27:33"	"00001100"	"16905"	"Continuous"	"950"	"178"	"990"	"4000"	"950"	"714"	"Level: 1 Price: 950 Quantity: 714| Level: 2 Price: 900 Quantity: 65170| Level: 3 Price: 890 Quantity: 2200| Level: 4 Price: 850 Quantity: 2400| Level: 5 Price: 750 Quantity: 26013"	"Level: 1 Price: 985 Quantity: 2013| Level: 2 Price: 990 Quantity: 4013| Level: 3 Price: 1024 Quantity: 3474| Level: 4 Price: 1025 Quantity: 989050| Level: 5 Price: 1040 Quantity: 19919"
"TST.J"	"06/12/2018 08:27:38"	"00001000"	"16905"	"Continuous"	"950"	"178"	"990"	"6000"	"950"	"714"	"Level: 1 Price: 950 Quantity: 714| Level: 2 Price: 900 Quantity: 50013| Level: 3 Price: 890 Quantity: 2200| Level: 4 Price: 850 Quantity: 2400| Level: 5 Price: 750 Quantity: 26013"	"Level: 1 Price: 990 Quantity: 4013| Level: 2 Price: 1025 Quantity: 989050| Level: 3 Price: 1040 Quantity: 19919| Level: 4 Price: 1050 Quantity: 6013"
"TST.J"	"06/12/2018 08:33:51"	"00001000"	"16905"	"Continuous"	"950"	"178"	"990"	"4000"	"950"	"714"	"Level: 1 Price: 950 Quantity: 714| Level: 2 Price: 900 Quantity: 50013| Level: 3 Price: 890 Quantity: 2200| Level: 4 Price: 850 Quantity: 2400| Level: 5 Price: 750 Quantity: 26013"	"Level: 1 Price: 990 Quantity: 6013| Level: 2 Price: 1025 Quantity: 989050| Level: 3 Price: 1040 Quantity: 19919| Level: 4 Price: 1050 Quantity: 6013"
"TST.J"	"06/12/2018 08:33:57"	"00001000"	"16905"	"Continuous"	"950"	"178"	"990"	"6000"	"950"	"714"	"Level: 1 Price: 950 Quantity: 714| Level: 2 Price: 900 Quantity: 50013| Level: 3 Price: 890 Quantity: 2200| Level: 4 Price: 850 Quantity: 2400| Level: 5 Price: 750 Quantity: 26013"	"Level: 1 Price: 990 Quantity: 4013| Level: 2 Price: 1025 Quantity: 989050| Level: 3 Price: 1040 Quantity: 19919| Level: 4 Price: 1050 Quantity: 6013"
"TST.J"	"06/12/2018 09:14:19"	"00001000"	"16905"	"Continuous"	"950"	"178"	"990"	"4000"	"950"	"714"	"Level: 1 Price: 950 Quantity: 714| Level: 2 Price: 900 Quantity: 65170| Level: 3 Price: 890 Quantity: 2200| Level: 4 Price: 850 Quantity: 2400| Level: 5 Price: 750 Quantity: 26013"	"Level: 1 Price: 990 Quantity: 6013| Level: 2 Price: 1019 Quantity: 3474| Level: 3 Price: 1020 Quantity: 50013| Level: 4 Price: 1025 Quantity: 989050| Level: 5 Price: 1040 Quantity: 19919"
"TST.J"	"06/12/2018 09:14:20"	"00001000"	"16905"	"Continuous"	"950"	"178"	"990"	"6000"	"950"	"714"	"Level: 1 Price: 950 Quantity: 714| Level: 2 Price: 900 Quantity: 65170| Level: 3 Price: 890 Quantity: 2200| Level: 4 Price: 850 Quantity: 2400| Level: 5 Price: 750 Quantity: 26013"	"Level: 1 Price: 990 Quantity: 4013| Level: 2 Price: 1019 Quantity: 3474| Level: 3 Price: 1020 Quantity: 50013| Level: 4 Price: 1025 Quantity: 989050| Level: 5 Price: 1040 Quantity: 19919"
"TST.J"	"06/12/2018 09:32:53"	"00100000"	"16905"	"Continuous"	"950"	"178"	"990"	"6000"	"950"	"3140"	"Level: 1 Price: 950 Quantity: 714| Level: 2 Price: 901 Quantity: 8658| Level: 3 Price: 900 Quantity: 50013| Level: 4 Price: 890 Quantity: 2200| Level: 5 Price: 850 Quantity: 2400"	"Level: 1 Price: 990 Quantity: 6013| Level: 2 Price: 1019 Quantity: 3474| Level: 3 Price: 1020 Quantity: 50013| Level: 4 Price: 1025 Quantity: 989050| Level: 5 Price: 1040 Quantity: 19919"
"TST.J"	"06/12/2018 09:59:58"	"01000000"	"16905"	"Auction"	"950"	"178"	"990"	"6000"	"950"	"3140"	"Level: 1 Price: 950 Quantity: 3140| Level: 2 Price: 901 Quantity: 8658| Level: 3 Price: 900 Quantity: 50013| Level: 4 Price: 890 Quantity: 2200| Level: 5 Price: 850 Quantity: 2400"	"Level: 1 Price: 990 Quantity: 6013| Level: 2 Price: 1019 Quantity: 3474| Level: 3 Price: 1020 Quantity: 50013| Level: 4 Price: 1025 Quantity: 989050| Level: 5 Price: 1040 Quantity: 19919"
"TST.J"	"06/12/2018 09:59:58"	"00001000"	"16905"	"Auction"	"950"	"178"	"990"	"4000"	"950"	"3140"	"Level: 1 Price: 950 Quantity: 3140| Level: 2 Price: 901 Quantity: 8658| Level: 3 Price: 900 Quantity: 50013| Level: 4 Price: 890 Quantity: 2200| Level: 5 Price: 850 Quantity: 2400"	"Level: 1 Price: 990 Quantity: 6013| Level: 2 Price: 1019 Quantity: 3474| Level: 3 Price: 1020 Quantity: 50013| Level: 4 Price: 1025 Quantity: 989050| Level: 5 Price: 1040 Quantity: 19919"
"TST.J"	"06/12/2018 09:59:58"	"00100000"	"16905"	"Auction"	"950"	"178"	"990"	"4000"	"950"	"714"	"Level: 1 Price: 950 Quantity: 3140| Level: 2 Price: 900 Quantity: 50013| Level: 3 Price: 890 Quantity: 2200| Level: 4 Price: 850 Quantity: 2400| Level: 5 Price: 750 Quantity: 26013"	"Level: 1 Price: 990 Quantity: 4013| Level: 2 Price: 1020 Quantity: 50013| Level: 3 Price: 1025 Quantity: 989050| Level: 4 Price: 1040 Quantity: 19919| Level: 5 Price: 1050 Quantity: 6013"
"TST.J"	"06/12/2018 10:15:01"	"01000000"	"16905"	"Continuous"	"950"	"178"	"990"	"4000"	"950"	"714"	"Level: 1 Price: 950 Quantity: 714| Level: 2 Price: 900 Quantity: 50013| Level: 3 Price: 890 Quantity: 2200| Level: 4 Price: 850 Quantity: 2400| Level: 5 Price: 750 Quantity: 26013"	"Level: 1 Price: 990 Quantity: 4013| Level: 2 Price: 1020 Quantity: 50013| Level: 3 Price: 1025 Quantity: 989050| Level: 4 Price: 1040 Quantity: 19919| Level: 5 Price: 1050 Quantity: 6013"
"TST.J"	"06/12/2018 10:15:01"	"00001000"	"16905"	"Continuous"	"950"	"178"	"990"	"6000"	"950"	"714"	"Level: 1 Price: 950 Quantity: 714| Level: 2 Price: 900 Quantity: 50013| Level: 3 Price: 890 Quantity: 2200| Level: 4 Price: 850 Quantity: 2400| Level: 5 Price: 750 Quantity: 26013"	"Level: 1 Price: 990 Quantity: 4013| Level: 2 Price: 1020 Quantity: 50013| Level: 3 Price: 1025 Quantity: 989050| Level: 4 Price: 1040 Quantity: 19919| Level: 5 Price: 1050 Quantity: 6013"
"TST.J"	"06/12/2018 10:16:08"	"00110000"	"16905"	"Continuous"	"950"	"178"	"990"	"6000"	"951"	"2478"	"Level: 1 Price: 950 Quantity: 714| Level: 2 Price: 901 Quantity: 8658| Level: 3 Price: 900 Quantity: 50013| Level: 4 Price: 890 Quantity: 2200| Level: 5 Price: 850 Quantity: 2400"	"Level: 1 Price: 990 Quantity: 6013| Level: 2 Price: 1019 Quantity: 3474| Level: 3 Price: 1020 Quantity: 50013| Level: 4 Price: 1025 Quantity: 989050| Level: 5 Price: 1040 Quantity: 19919"
"TST.J"	"06/12/2018 11:04:02"	"00001000"	"16905"	"Continuous"	"950"	"178"	"990"	"4000"	"951"	"2478"	"Level: 1 Price: 951 Quantity: 2478| Level: 2 Price: 950 Quantity: 714| Level: 3 Price: 901 Quantity: 8658| Level: 4 Price: 900 Quantity: 50013| Level: 5 Price: 890 Quantity: 2200"	"Level: 1 Price: 990 Quantity: 6013| Level: 2 Price: 1019 Quantity: 3474| Level: 3 Price: 1020 Quantity: 50013| Level: 4 Price: 1025 Quantity: 989050| Level: 5 Price: 1040 Quantity: 19919"
"TST.J"	"06/12/2018 11:04:02"	"00001000"	"16905"	"Continuous"	"950"	"178"	"990"	"6000"	"951"	"2478"	"Level: 1 Price: 951 Quantity: 2478| Level: 2 Price: 950 Quantity: 714| Level: 3 Price: 901 Quantity: 8658| Level: 4 Price: 900 Quantity: 50013| Level: 5 Price: 890 Quantity: 2200"	"Level: 1 Price: 990 Quantity: 4013| Level: 2 Price: 1019 Quantity: 3474| Level: 3 Price: 1020 Quantity: 50013| Level: 4 Price: 1025 Quantity: 989050| Level: 5 Price: 1040 Quantity: 19919"
"TST.J"	"06/12/2018 11:06:33"	"10000011"	"16982"	"Continuous"	"990"	"77"	"990"	"6000"	"951"	"2478"	"Level: 1 Price: 951 Quantity: 2478| Level: 2 Price: 950 Quantity: 714| Level: 3 Price: 901 Quantity: 8658| Level: 4 Price: 900 Quantity: 50013| Level: 5 Price: 890 Quantity: 2200"	"Level: 1 Price: 990 Quantity: 6013| Level: 2 Price: 1019 Quantity: 3474| Level: 3 Price: 1020 Quantity: 50013| Level: 4 Price: 1025 Quantity: 989050| Level: 5 Price: 1040 Quantity: 19919"
"TST.J"	"06/12/2018 11:06:33"	"00001000"	"16982"	"Continuous"	"990"	"77"	"990"	"5923"	"951"	"2478"	"Level: 1 Price: 951 Quantity: 2478| Level: 2 Price: 950 Quantity: 714| Level: 3 Price: 901 Quantity: 8658| Level: 4 Price: 900 Quantity: 50013| Level: 5 Price: 890 Quantity: 2200"	"Level: 1 Price: 990 Quantity: 6013| Level: 2 Price: 1019 Quantity: 3474| Level: 3 Price: 1020 Quantity: 50013| Level: 4 Price: 1025 Quantity: 989050| Level: 5 Price: 1040 Quantity: 19919"
